"Frame_id","Motion_Score","Avg_Score","Status"
31,18323,10614,"ALERT"
32,19885,12543,"ALERT"
33,18874,13950,"ALERT"
34,20422,15397,"ALERT"
35,23112,16937,"ALERT"
36,23207,18233,"ALERT"
37,24362,19314,"ALERT"
38,24963,20330,"ALERT"
39,27353,21587,"ALERT"
40,32322,23282,"ALERT"
41,38992,25349,"ALERT"
42,41481,27508,"ALERT"
43,42954,29916,"ALERT"
44,51265,33001,"ALERT"
45,58940,36583,"ALERT"
46,65847,40847,"ALERT"
47,66348,45046,"ALERT"
48,62887,48838,"ALERT"
49,62713,52374,"ALERT"
50,72194,56362,"ALERT"
51,78690,60331,"ALERT"
52,91981,65381,"ALERT"
53,104760,71562,"ALERT"
54,113266,77762,"ALERT"
55,119514,83820,"ALERT"
56,120355,89270,"ALERT"
57,124007,95036,"ALERT"
58,125496,101297,"ALERT"
59,131563,108182,"ALERT"
60,140759,115039,"ALERT"
61,149437,122113,"ALERT"
62,158817,128797,"ALERT"
63,166003,134921,"ALERT"
64,182140,141809,"ALERT"
65,199762,149833,"ALERT"
66,210142,158812,"ALERT"
67,218970,168308,"ALERT"
68,229515,178710,"ALERT"
69,239816,189536,"ALERT"
70,252214,200681,"ALERT"
71,263663,212104,"ALERT"
72,276484,223870,"ALERT"
73,292028,236473,"ALERT"
74,305819,248841,"ALERT"
75,316939,260559,"ALERT"
76,334247,272969,"ALERT"
77,345930,285665,"ALERT"
78,354754,298189,"ALERT"
79,366986,310906,"ALERT"
80,378431,323528,"ALERT"
81,396740,336835,"ALERT"
82,423793,351566,"ALERT"
83,439461,366310,"ALERT"
84,460211,381749,"ALERT"
85,487341,398789,"ALERT"
86,505680,415932,"ALERT"
87,517247,433064,"ALERT"
88,531382,450727,"ALERT"
89,538933,467921,"ALERT"
90,544001,484478,"ALERT"
91,548565,499661,"ALERT"
92,555459,512828,"ALERT"
93,557173,524599,"ALERT"
94,558731,534451,"ALERT"
95,558632,541580,"ALERT"
96,562447,547257,"ALERT"
97,567411,552273,"ALERT"
98,576217,556756,"ALERT"
99,582416,561105,"ALERT"
100,584473,565152,"ALERT"
101,583323,568628,"ALERT"
102,589761,572058,"ALERT"
103,598692,576210,"ALERT"
104,607316,581068,"ALERT"
105,613505,586556,"ALERT"
106,624303,592741,"ALERT"
107,633709,599371,"ALERT"
108,644256,606175,"ALERT"
109,655916,613525,"ALERT"
110,671874,622265,"ALERT"
111,684433,632376,"ALERT"
112,694224,642822,"ALERT"
113,699446,652898,"ALERT"
114,705708,662737,"ALERT"
115,717026,673089,"ALERT"
116,725097,683168,"ALERT"
117,727709,692568,"ALERT"
118,730879,701231,"ALERT"
119,734396,709079,"ALERT"
120,740503,715942,"ALERT"
121,749200,722418,"ALERT"
122,759829,728979,"ALERT"
123,769392,735973,"ALERT"
124,775441,742947,"ALERT"
125,783768,749621,"ALERT"
126,797158,756827,"ALERT"
127,814851,765541,"ALERT"
128,831809,775634,"ALERT"
129,849612,787156,"ALERT"
130,864105,799516,"ALERT"
131,875951,812191,"ALERT"
132,880495,824258,"ALERT"
133,889458,836264,"ALERT"
134,898973,848618,"ALERT"
135,917864,862027,"ALERT"
136,936274,875939,"ALERT"
137,951735,889627,"ALERT"
138,965863,903033,"ALERT"
139,979618,916033,"ALERT"
140,991744,928797,"ALERT"
141,994393,940641,"ALERT"
142,989200,951512,"ALERT"
143,986288,961195,"ALERT"
144,978253,969123,"ALERT"
145,972380,974574,"ALERT"
146,970444,977991,"ALERT"
147,966458,979464,"ALERT"
148,962982,979176,"ALERT"
149,964189,977633,"ALERT"
150,966700,975128,"ALERT"
151,968846,972574,"ALERT"
152,976483,971302,"ALERT"
153,987413,971414,"ALERT"
154,1004011,973990,"ALERT"
155,1016794,978432,"ALERT"
156,1029741,984361,"ALERT"
157,1048218,992537,"ALERT"
158,1068979,1003137,"ALERT"
159,1087880,1015506,"ALERT"
160,1101814,1029017,"ALERT"
161,1109007,1043034,"ALERT"
162,1120450,1057430,"ALERT"
163,1125539,1071243,"ALERT"
164,1125017,1083343,"ALERT"
165,1128731,1094537,"ALERT"
166,1135286,1105092,"ALERT"
167,1146182,1114888,"ALERT"
168,1160499,1124040,"ALERT"
169,1172605,1132513,"ALERT"
170,1182128,1140544,"ALERT"
171,1188272,1148470,"ALERT"
172,1192396,1155665,"ALERT"
173,1191599,1162271,"ALERT"
174,1186414,1168411,"ALERT"
175,1180824,1173620,"ALERT"
176,1178984,1177990,"ALERT"
177,1171704,1180542,"ALERT"
178,1169426,1181435,"ALERT"
179,1175992,1181773,"ALERT"
180,1180412,1181602,"ALERT"
181,1180456,1180820,"ALERT"
182,1182778,1179858,"ALERT"
183,1184127,1179111,"ALERT"
184,1189311,1179401,"ALERT"
185,1199390,1181258,"ALERT"
186,1204756,1183835,"ALERT"
187,1207940,1187458,"ALERT"
188,1211802,1191696,"ALERT"
189,1221904,1196287,"ALERT"
190,1240194,1202265,"ALERT"
191,1264765,1210696,"ALERT"
192,1279669,1220385,"ALERT"
193,1295926,1231565,"ALERT"
194,1316293,1244263,"ALERT"
195,1337987,1258123,"ALERT"
196,1359999,1273647,"ALERT"
197,1383021,1291156,"ALERT"
198,1404744,1310450,"ALERT"
199,1429254,1331185,"ALERT"
200,1453053,1352471,"ALERT"
201,1475568,1373551,"ALERT"
202,1502586,1395843,"ALERT"
203,1538818,1420132,"ALERT"
204,1571304,1445633,"ALERT"
205,1600351,1471869,"ALERT"
206,1623814,1498251,"ALERT"
207,1647976,1524746,"ALERT"
208,1672031,1551475,"ALERT"
209,1692074,1577757,"ALERT"
210,1711057,1603557,"ALERT"
211,1725887,1628589,"ALERT"
212,1741191,1652450,"ALERT"
213,1758313,1674399,"ALERT"
214,1780746,1695344,"ALERT"
215,1803628,1715671,"ALERT"
216,1824792,1735769,"ALERT"
217,1838198,1754791,"ALERT"
218,1852908,1772879,"ALERT"
219,1859973,1789669,"ALERT"
220,1877685,1806332,"ALERT"
221,1898177,1823561,"ALERT"
222,1926557,1842097,"ALERT"
223,1940648,1860331,"ALERT"
224,1965607,1878817,"ALERT"
225,2000846,1898539,"ALERT"
226,2027381,1918798,"ALERT"
227,2046182,1939596,"ALERT"
228,2060147,1960320,"ALERT"
229,2079171,1982240,"ALERT"
230,2107827,2005254,"ALERT"
231,2140976,2029534,"ALERT"
232,2198861,2056764,"ALERT"
233,2265599,2089259,"ALERT"
234,2326974,2125396,"ALERT"
235,2374284,2162740,"ALERT"
236,2406505,2200652,"ALERT"
237,2436189,2239653,"ALERT"
238,2456264,2279265,"ALERT"
239,2459965,2317344,"ALERT"
240,2457303,2352292,"ALERT"
241,2454856,2383680,"ALERT"
242,2453313,2409125,"ALERT"
243,2466895,2429254,"ALERT"
244,2514997,2448057,"ALERT"
245,2596007,2470229,"ALERT"
246,2710512,2500630,"ALERT"
247,2825549,2539566,"ALERT"
248,2954155,2589355,"ALERT"
249,3040096,2647368,"ALERT"
250,3127179,2714355,"ALERT"
251,3215348,2790405,"ALERT"
252,3296856,2874759,"ALERT"
253,3345701,2962640,"ALERT"
254,3379867,3049127,"ALERT"
255,3399257,3129452,"ALERT"
256,3395137,3197914,"ALERT"
257,3365164,3251876,"ALERT"
258,3314887,3287949,"ALERT"
259,3272488,3311188,"ALERT"
260,3227446,3321215,"ALERT"
261,3187531,3318433,"ALERT"
262,3153438,3304091,"ALERT"
263,3117885,3281310,"ALERT"
264,3067515,3250074,"ALERT"
265,3024279,3212577,"ALERT"
266,2982991,3171362,"ALERT"
267,2946458,3129491,"ALERT"
268,2903433,3088346,"ALERT"
269,2870343,3048131,"ALERT"
270,2840024,3009389,"ALERT"
271,2809353,2971571,"ALERT"
272,2780969,2934325,"ALERT"
273,2752195,2897756,"ALERT"
274,2723960,2863400,"ALERT"
275,2698510,2830823,"ALERT"
276,2679242,2800448,"ALERT"
277,2664184,2772221,"ALERT"
278,2652423,2747120,"ALERT"
279,2641877,2724273,"ALERT"
280,2634815,2703752,"ALERT"
281,2627071,2685524,"ALERT"
282,2621063,2669534,"ALERT"
283,2618030,2656117,"ALERT"
284,2615215,2645243,"ALERT"
285,2612400,2636632,"ALERT"
286,2610611,2629768,"ALERT"
287,2611031,2624453,"ALERT"
288,2611644,2620375,"ALERT"
289,2615428,2617730,"ALERT"
290,2616659,2615915,"ALERT"
291,2617658,2614973,"ALERT"
292,2621033,2614970,"ALERT"
293,2626874,2615855,"ALERT"
294,2630075,2617341,"ALERT"
295,2632795,2619380,"ALERT"
296,2630283,2621348,"ALERT"
297,2630749,2623319,"ALERT"
298,2636218,2625777,"ALERT"
299,2646742,2628908,"ALERT"
300,2663585,2633601,"ALERT"
301,2697402,2641575,"ALERT"
302,2744244,2653896,"ALERT"
303,2823910,2673600,"ALERT"
304,2878575,2698450,"ALERT"
305,2924250,2727595,"ALERT"
306,2967483,2761315,"ALERT"
307,3010973,2799338,"ALERT"
308,3047345,2840450,"ALERT"
309,3072724,2883049,"ALERT"
310,3087876,2925478,"ALERT"
311,3096980,2965436,"ALERT"
312,3099590,3000970,"ALERT"
313,3097746,3028354,"ALERT"
314,3102047,3050701,"ALERT"
315,3107345,3069010,"ALERT"
316,3120541,3084316,"ALERT"
317,3128035,3096022,"ALERT"
318,3142444,3105532,"ALERT"
319,3154751,3113735,"ALERT"
320,3176841,3122632,"ALERT"
321,3194763,3132410,"ALERT"
322,3215804,3144031,"ALERT"
323,3230474,3157304,"ALERT"
324,3241814,3171281,"ALERT"
325,3236502,3184196,"ALERT"
326,3236305,3195773,"ALERT"
327,3226305,3205600,"ALERT"
328,3219969,3213352,"ALERT"
329,3208118,3218689,"ALERT"
330,3195432,3220548,"ALERT"
331,3194230,3220495,"ALERT"
332,3190338,3217948,"ALERT"
333,3193116,3214212,"ALERT"
334,3202117,3210243,"ALERT"
335,3218565,3208449,"ALERT"
336,3227223,3207541,"ALERT"
337,3246244,3209535,"ALERT"
338,3256568,3213195,"ALERT"
339,3267472,3219130,"ALERT"
340,3265856,3226172,"ALERT"
341,3266469,3233396,"ALERT"
342,3268217,3241184,"ALERT"
343,3271276,3249000,"ALERT"
344,3271250,3255914,"ALERT"
345,3278274,3261884,"ALERT"
346,3290506,3268213,"ALERT"
347,3319144,3275503,"ALERT"
348,3338779,3283724,"ALERT"
349,3362925,3293269,"ALERT"
350,3376226,3304306,"ALERT"
351,3399523,3317612,"ALERT"
352,3404112,3331201,"ALERT"
353,3379892,3342063,"ALERT"
354,3340126,3348950,"ALERT"
355,3292589,3350382,"ALERT"
356,3234268,3344758,"ALERT"
357,3175849,3330428,"ALERT"
358,3117706,3308321,"ALERT"
359,3067933,3278822,"ALERT"
360,3022654,3243465,"ALERT"
361,2991044,3202617,"ALERT"
362,2961909,3158397,"ALERT"
363,2932242,3113632,"ALERT"
364,2894414,3069060,"ALERT"
365,2872243,3027026,"ALERT"
366,2855952,2989194,"ALERT"
367,2841793,2955789,"ALERT"
368,2830791,2927097,"ALERT"
369,2834060,2903710,"ALERT"
370,2823435,2883788,"ALERT"
371,2807198,2865403,"ALERT"
372,2821378,2851350,"ALERT"
373,2853141,2843440,"ALERT"
374,2888816,2842880,"ALERT"
375,2925825,2848238,"ALERT"
376,2889519,2851595,"ALERT"
377,2780699,2845486,"ALERT"
378,2659136,2828320,"ALERT"
379,2562972,2801211,"ALERT"
380,2499413,2768809,"ALERT"
381,2459363,2734026,"ALERT"
382,2442664,2696154,"ALERT"
383,2440946,2654935,"ALERT"
384,2443474,2610401,"ALERT"
385,2447235,2562542,"ALERT"
386,2450161,2518606,"ALERT"
387,2453436,2485880,"ALERT"
388,2459912,2465957,"ALERT"
389,2466664,2456326,"ALERT"
390,2473296,2453715,"ALERT"
391,2478707,2455649,"ALERT"
392,2485058,2459888,"ALERT"
393,2493836,2465177,"ALERT"
394,2501778,2471008,"ALERT"
395,2507779,2477062,"ALERT"
396,2512978,2483344,"ALERT"
397,2516562,2489657,"ALERT"
398,2518825,2495548,"ALERT"
399,2514747,2500356,"ALERT"
400,2505947,2503621,"ALERT"
401,2496614,2505412,"ALERT"
402,2487786,2505685,"ALERT"
403,2484640,2504765,"ALERT"
404,2481096,2502697,"ALERT"
405,2477009,2499620,"ALERT"
406,2475115,2495834,"ALERT"
407,2477983,2491976,"ALERT"
408,2483829,2488476,"ALERT"
409,2491894,2486191,"ALERT"
410,2504507,2486047,"ALERT"
411,2521239,2488509,"ALERT"
412,2541217,2493852,"ALERT"
413,2563614,2501750,"ALERT"
414,2587828,2512423,"ALERT"
415,2611446,2525867,"ALERT"
416,2636911,2542046,"ALERT"
417,2662003,2560448,"ALERT"
418,2685291,2580595,"ALERT"
419,2707254,2602131,"ALERT"
420,2728882,2624568,"ALERT"
421,2750149,2647459,"ALERT"
422,2768177,2670155,"ALERT"
423,2782387,2692032,"ALERT"
424,2791316,2712381,"ALERT"
425,2798685,2731105,"ALERT"
426,2802803,2747694,"ALERT"
427,2802405,2761734,"ALERT"
428,2798222,2773028,"ALERT"
429,2791494,2781452,"ALERT"
430,2786781,2787241,"ALERT"
431,2785019,2790728,"ALERT"
432,2786485,2792559,"ALERT"
433,2788531,2793174,"ALERT"
434,2792516,2793294,"ALERT"
435,2799001,2793325,"ALERT"
436,2805796,2793625,"ALERT"
437,2811973,2794581,"ALERT"
438,2813331,2796092,"ALERT"
439,2815718,2798515,"ALERT"
440,2818830,2801720,"ALERT"
441,2821077,2805325,"ALERT"
442,2819694,2808646,"ALERT"
443,2816741,2811467,"ALERT"
444,2811328,2813348,"ALERT"
445,2806990,2814147,"ALERT"
446,2804650,2814033,"ALERT"
447,2801719,2813007,"ALERT"
448,2792757,2810950,"ALERT"
449,2783397,2807718,"ALERT"
450,2772362,2803071,"ALERT"
451,2756839,2796647,"ALERT"
452,2734656,2788143,"ALERT"
453,2707488,2777218,"ALERT"
454,2677876,2763873,"ALERT"
455,2644274,2747601,"ALERT"
456,2600605,2727197,"ALERT"
457,2554120,2702437,"ALERT"
458,2522892,2675450,"ALERT"
459,2507669,2647878,"ALERT"
460,2505432,2621185,"ALERT"
461,2512607,2596761,"ALERT"
462,2530274,2576323,"ALERT"
463,2559466,2561521,"ALERT"
464,2596169,2553350,"ALERT"
465,2630016,2551925,"ALERT"
466,2655126,2557377,"ALERT"
467,2676019,2569567,"ALERT"
